{"_wandb":{"runtime":22},"loss":1.9509576559066772,"lr":0.0010998415881559454,"epoch_Time":1,"_timestamp":1.7486734993350406e+09,"_runtime":19.7874068,"_step":1}