{"_timestamp":1.7484092426300695e+09,"_runtime":947.5732446,"_step":79,"loss":0.6801528334617615,"lr":1.000218827767991e-05,"_wandb":{"runtime":950},"epoch_Time":0}