{"loss":1.5542020797729492,"_wandb":{"runtime":1793},"lr":1.0000405555188149e-05,"epoch_Time":0,"_timestamp":1.7486753369102805e+09,"_runtime":1791.2172247,"_step":149}