{"lr":1.0036820434364933e-05,"epoch_Time":0,"_timestamp":1.7485107330347283e+09,"_runtime":1135.8785982,"_wandb":{"runtime":1148},"_step":79,"loss":0.3336300253868103}