{"_wandb":{"runtime":6283},"lr":5.000088849266936e-06,"epoch_Time":0,"_timestamp":1.7489360057172754e+09,"_runtime":6278.4473045,"_step":1055,"loss":1.869072437286377}