{"_timestamp":1.748508556044363e+09,"_runtime":1818.3841256,"_wandb":{"runtime":1824},"_step":139,"loss":0.481686532497406,"lr":1.0003255084034738e-05,"epoch_Time":0}