{"_runtime":1949.0889429,"_step":146,"_wandb":{"runtime":1958},"loss":2.398503303527832,"lr":7.460372006860411e-05,"epoch_Time":3,"_timestamp":1.748530054674016e+09}