{"lr":0.000100039147544875,"_wandb":{"runtime":3272},"epoch_Time":0,"_timestamp":1.748673052815825e+09,"_runtime":3260.059171,"_step":239,"loss":1.4336010217666626}